{"cameraMode":{"drawMode":0,"name":"Shaded","section":"Shading Mode"},"sceneLighting":true,"audioPlay":false,"sceneViewState":{"m_AlwaysRefresh":false,"showFog":true,"showSkybox":true,"showFlares":true,"showImageEffects":true,"showParticleSystems":true,"showVisualEffectGraphs":true,"m_FxEnabled":true},"in2DMode":false,"pivot":{"x":0.21856865286827088,"y":2.540093421936035,"z":4.619953155517578},"rotation":{"x":0.27395427227020266,"y":-1.2612044031357073e-7,"z":4.664084940486646e-7,"w":0.9617507457733154},"size":11.071290016174317,"orthographic":false}